ID,Session,WindowLength,Shrinkage,Kernel,nClusters,SilhouetteCoefficient,CalinskiHarabaszScore,RiemannianVariance,DaviesBouldinIndex,GeodesicDistanceRatio,RandScoreActivities,RandScoreSessions,RandScoreIds,nActivities
all,all,15,0.0,cov,3,,5037.3037,"[np.float64(26.86013770510557), np.float64(25.038333807967966), np.float64(19.156220248815874)]",19.967653612874766,1.8115390748000408,0.00232140891622454,0.00250076916068479,,1809
all,all,15,0.0,cov,4,,3747.8037,"[np.float64(21.594150749563074), np.float64(18.621935907327657), np.float64(26.69974576191218), np.float64(25.64526060485975)]",21.23439651047152,1.8051893534181036,0.0017363405812258251,0.00270215216704618,,1809
all,all,15,0.0,cov,5,,3332.0366,"[np.float64(27.187179943608307), np.float64(21.989247369654947), np.float64(17.2644106218628), np.float64(26.17206443937232), np.float64(20.98405145484736)]",21.285583374374596,1.78382488791548,0.002648543054807453,0.0031183286781905637,,1809
all,all,15,0.0,cov,6,,3086.4253,"[np.float64(21.804406903488026), np.float64(25.167289621148395), np.float64(20.98936297226226), np.float64(22.673017060853667), np.float64(27.900080995228137), np.float64(16.635040801626985)]",19.74627259633954,1.6152104865293306,0.002788432252200435,0.004499042857293696,,1809
all,all,15,0.0,cov,7,,2724.7317,"[np.float64(22.02718930226378), np.float64(16.169673940812363), np.float64(27.87869724036615), np.float64(20.962221423592908), np.float64(22.949607671631586), np.float64(20.29652566767509), np.float64(24.567690746888715)]",19.933783060284043,1.634196382930991,0.001589803831101227,0.0041493319733124775,,1809
all,all,15,0.0,cov,8,,2404.0925,"[np.float64(16.065905797574327), np.float64(20.935426199724596), np.float64(18.67268793119645), np.float64(23.01937451390389), np.float64(28.18835937378121), np.float64(23.561624631747303), np.float64(24.07913580058958), np.float64(21.58996730518116)]",19.572982435293444,1.5588643427077724,0.0013243616615615014,0.003939779458339528,,1809
all,all,15,0.0,cov,9,,2330.8025,"[np.float64(19.284024875455884), np.float64(28.14063824106272), np.float64(22.322790743802937), np.float64(21.115847349152247), np.float64(25.42581165444781), np.float64(20.6923605581159), np.float64(15.571193456372491), np.float64(22.325580542111233), np.float64(20.36376511619375)]",20.370460807129447,1.6246388973329453,0.0008343885147788387,0.004835888775436146,,1809
all,all,15,0.0,rbf,3,,22357.947,"[np.float64(7.5914681858502275), np.float64(6.554887673451284), np.float64(3.9136161183356135)]",8.600765169720871,1.4190366068350933,0.002832643518974251,0.0015767613582047262,,1809
all,all,15,0.0,rbf,4,,17344.303,"[np.float64(6.080743251614626), np.float64(7.625207212504451), np.float64(3.6663684739317417), np.float64(5.509113001805365)]",8.176234086507593,1.323069022348824,0.0019956207219886737,0.0014405530244726147,,1809
all,all,15,0.0,rbf,5,,14189.925,"[np.float64(6.033191903848066), np.float64(7.685749608917103), np.float64(5.520233605964355), np.float64(5.025589232727356), np.float64(3.561066432726325)]",7.893879054996904,1.247405545493342,0.0022268912512796867,0.002033034929383743,,1809
all,all,15,0.0,rbf,6,,11476.38,"[np.float64(6.463792522527961), np.float64(5.346835184104227), np.float64(6.027807125584107), np.float64(6.2726844402074144), np.float64(3.1730309157181638), np.float64(5.558177124590797)]",7.595314719707971,1.201406103803635,0.0020712430978149818,0.0018816487925501725,,1809
all,all,15,0.0,rbf,7,,11831.057,"[np.float64(5.602977389973416), np.float64(3.0740363898905048), np.float64(4.947779266222286), np.float64(5.460037493607011), np.float64(4.7724884751012295), np.float64(9.450795031947647), np.float64(5.154569058972568)]",7.722745823101784,1.1489861114031277,0.0014718433063565471,0.0014927857620673887,,1809
all,all,15,0.0,rbf,8,,10443.266,"[np.float64(5.815578762130622), np.float64(9.45310190046002), np.float64(5.268356294419881), np.float64(4.773604891346577), np.float64(5.212414747601568), np.float64(4.037211434453929), np.float64(2.971974830874249), np.float64(5.259011612047704)]",7.546831940913421,1.1441199434912208,0.0015787096678228677,0.0016185303816519728,,1809
all,all,15,0.0,rbf,9,,9789.412,"[np.float64(5.467733110290561), np.float64(4.612898013933468), np.float64(8.378339336216312), np.float64(2.8852392999598893), np.float64(8.988172423871076), np.float64(4.35089195466636), np.float64(4.418750114889852), np.float64(4.933099025267639), np.float64(5.080229216373474)]",8.0700162316682,1.1107748648081204,0.0014118827477463578,0.0020452108915703076,,1809
all,all,15,0.0,lwf,3,,6045.1543,"[np.float64(16.566984586223917), np.float64(12.007985842709132), np.float64(13.46048977078109)]",15.321309696954716,1.6773640969596721,0.0022380816926857922,0.002960020438316121,,1809
all,all,15,0.0,lwf,4,,5251.048,"[np.float64(15.893224951139308), np.float64(14.88216385366711), np.float64(11.145922592324451), np.float64(12.99383897631796)]",14.139410102355912,1.5598424524806038,0.003745101684136405,0.0022196416926450685,,1809
all,all,15,0.0,lwf,5,,4773.709,"[np.float64(10.572005573814042), np.float64(14.242462613884355), np.float64(15.729471365302212), np.float64(14.268762353273507), np.float64(12.550238437817603)]",14.94203153084951,1.5811804937177536,0.0029313311759236603,0.0025127163258259703,,1809
all,all,15,0.0,lwf,6,,4126.986,"[np.float64(14.195150126582313), np.float64(10.436794498388762), np.float64(15.737671585495708), np.float64(11.654907774429338), np.float64(12.826067614656687), np.float64(14.209625896981713)]",15.390838934550535,1.555848627378064,0.0016528386296475136,0.004763884325483198,,1809
all,all,15,0.0,lwf,7,,3556.765,"[np.float64(15.493170955854291), np.float64(15.027039523461719), np.float64(14.046122692143749), np.float64(12.822289404604152), np.float64(12.198535314242394), np.float64(9.813749166452489), np.float64(12.332372266120824)]",15.096930179792457,1.5297009854711057,0.0009411920812826483,0.0036707191550649837,,1809
all,all,15,0.0,lwf,8,,3270.6306,"[np.float64(12.635017456672694), np.float64(11.75963482098818), np.float64(13.727897386515233), np.float64(13.18373849425941), np.float64(12.318814566419391), np.float64(15.782816418700262), np.float64(9.870629665876736), np.float64(15.555246518408474)]",15.051736635212135,1.490106787386702,0.0011551317797045932,0.005004208615586701,,1809
all,all,15,0.0,lwf,9,,3084.2678,"[np.float64(12.93406230187492), np.float64(12.21598783809515), np.float64(9.375471230237034), np.float64(12.669940024942898), np.float64(11.097046964314977), np.float64(12.700061204673615), np.float64(14.303560631068638), np.float64(13.789522692500267), np.float64(16.140322633719766)]",14.600069295990279,1.4744013008220396,0.0008042633256624295,0.004849430368365782,,1809
all,all,15,0.0,tyl,3,,6788.792,"[np.float64(28.21459313723214), np.float64(19.685841207001133), np.float64(30.66670857152169)]",23.31947275588088,2.139194445465623,0.0030779534831872108,0.002169605968585918,,1809
all,all,15,0.0,tyl,4,,4949.377,"[np.float64(18.52607313892095), np.float64(25.897573026220172), np.float64(28.453291918020312), np.float64(29.993029887944417)]",24.51744298255116,1.9834518826751413,0.001338384169026289,0.003269850051336743,,1809
all,all,15,0.0,tyl,5,,3885.6418,"[np.float64(18.079058420910467), np.float64(28.31110197349878), np.float64(26.012206336131225), np.float64(23.577544493143932), np.float64(30.12149815989759)]",23.316640967626675,1.9661969205405108,0.0013190093906270243,0.004059648274608012,,1809
all,all,15,0.0,tyl,6,,3722.2224,"[np.float64(28.241105075463974), np.float64(21.509732580315575), np.float64(28.5209327938562), np.float64(17.732884740525115), np.float64(29.245211812907254), np.float64(24.053372821956533)]",22.777179424305007,1.8084971914674324,0.001623101982322285,0.005172813203963701,,1809
all,all,15,0.0,tyl,7,,3407.6782,"[np.float64(25.741849020868386), np.float64(28.138442066799886), np.float64(16.663407057156203), np.float64(20.458638343881745), np.float64(27.425863378334874), np.float64(27.511190461949653), np.float64(26.194930133730434)]",24.272913314439883,1.8273839438213448,0.0011621899929401735,0.004935937942385393,,1809
all,all,15,0.0,tyl,8,,2968.9011,"[np.float64(25.953581040443186), np.float64(20.43958705092894), np.float64(16.11028059604255), np.float64(27.446261349107683), np.float64(23.173364209143777), np.float64(31.842279823447264), np.float64(26.703173453563085), np.float64(23.47306233583999)]",22.412910727566313,1.7981723381131511,0.0009387174937601147,0.004150776745423722,,1809
all,all,15,0.0,tyl,9,,2871.335,"[np.float64(31.56179990148723), np.float64(27.787733767093748), np.float64(26.716530953126377), np.float64(29.401404753123053), np.float64(24.27535361503258), np.float64(21.713246116560907), np.float64(24.07940342163269), np.float64(16.300795440096596), np.float64(19.859254017971494)]",23.226959011812188,1.6568568236472199,0.0012945721606998964,0.004580919808183676,,1809
all,all,15,0.0,corr,3,,11081.072,"[np.float64(19.53240339405669), np.float64(20.548578927181115), np.float64(20.316153067461936)]",20.067197007519844,2.048749266497711,0.00010329516347852548,0.001500075566586849,,1809
all,all,15,0.0,corr,4,,8516.301,"[np.float64(15.804173024124239), np.float64(24.41466272812766), np.float64(22.835852008838803), np.float64(19.610691117080368)]",18.996567088304502,1.7801435519421758,0.0025366809039181542,0.0032284947815053957,,1809
all,all,15,0.0,corr,5,,7469.282,"[np.float64(19.9301202244318), np.float64(20.49282332374171), np.float64(25.51913035306984), np.float64(13.773809027273266), np.float64(21.610126766385097)]",19.002400509392107,1.7101004815059373,0.0011394434294513642,0.004795163094597329,,1809
all,all,15,0.0,corr,6,,6795.3237,"[np.float64(21.72773840283104), np.float64(24.239292178198816), np.float64(19.6233684082162), np.float64(19.960691086635723), np.float64(13.657083164152727), np.float64(19.91275118549059)]",19.30435243722859,1.614276141415301,0.0006892982819234387,0.0036537660019902067,,1809
all,all,15,0.0,corr,7,,6267.4204,"[np.float64(24.122621034003576), np.float64(19.413966523850906), np.float64(19.470417893567067), np.float64(21.88180209312529), np.float64(20.123703679625784), np.float64(19.714390168846556), np.float64(13.320357338309016)]",18.86358900463468,1.544538465485634,0.001414381407956274,0.0046471213113718724,,1809
all,all,15,0.0,corr,8,,5904.5903,"[np.float64(23.733742234271787), np.float64(17.655781296325063), np.float64(17.121381027550218), np.float64(22.539303839860935), np.float64(18.099253166677986), np.float64(20.691872541868445), np.float64(13.082448127664057), np.float64(22.393843133880342)]",17.96472215257792,1.5826508298036677,0.0011693230294275681,0.005549437982167146,,1809
all,all,15,0.0,corr,9,,5038.6523,"[np.float64(18.679044591627946), np.float64(20.957535601818947), np.float64(18.040634005201923), np.float64(25.800625637876998), np.float64(21.38982166791007), np.float64(12.855443949115719), np.float64(18.713324819661047), np.float64(18.70731929121439), np.float64(20.059342759843833)]",17.647078004707744,1.4780959549248143,0.0012369949185260306,0.005370578076986471,,1809
all,all,15,0.01,cov,3,,6239.836,"[np.float64(17.04905270273706), np.float64(21.01086732606473), np.float64(20.446586853332715)]",17.88630659265847,1.8744267371350731,0.0021971707344415896,0.0022185247598874016,,1809
all,all,15,0.01,cov,4,,4797.484,"[np.float64(16.34491870420729), np.float64(20.774523159770915), np.float64(21.238257901459253), np.float64(18.224902390089206)]",19.549233132750558,1.8055625808294409,0.0025133191208854128,0.003033912635336982,,1809
all,all,15,0.01,cov,5,,4124.7417,"[np.float64(17.944537399928997), np.float64(21.694168315335627), np.float64(17.57026897350347), np.float64(16.36489843843523), np.float64(20.3983792656529)]",18.586023467180272,1.7362536617224447,0.0023328918189184527,0.003935026965858489,,1809
all,all,15,0.01,cov,6,,3560.7139,"[np.float64(17.81961821590383), np.float64(20.106146856979368), np.float64(19.592042519094537), np.float64(14.857396647532465), np.float64(21.37791673197642), np.float64(17.350565504454234)]",18.499363878698638,1.6724130209845665,0.002122738830633863,0.0025396118319143154,,1809
all,all,15,0.01,cov,7,,3305.7988,"[np.float64(17.88396788801533), np.float64(17.329758523030183), np.float64(18.614331992819206), np.float64(19.908202448417335), np.float64(17.55081745459765), np.float64(14.687708424740839), np.float64(21.759520592921902)]",17.717656902933165,1.6494272284941405,0.00133507762092838,0.005009987350463308,,1809
all,all,15,0.01,cov,8,,2748.2014,"[np.float64(17.300251050635403), np.float64(19.2021170000833), np.float64(18.29970896903388), np.float64(19.45129155532763), np.float64(21.84302253737943), np.float64(14.793988411980953), np.float64(17.218749421567324), np.float64(17.5342228309931)]",17.804964686132816,1.6225556820698315,0.0013176151525710802,0.0042391565517333595,,1809
all,all,15,0.01,cov,9,,2703.7898,"[np.float64(14.284324224198812), np.float64(17.576824960482412), np.float64(17.54973489600597), np.float64(19.193015976369384), np.float64(18.212808116522776), np.float64(17.835923957877696), np.float64(21.675810885799514), np.float64(16.724185832060602), np.float64(18.644159426927033)]",17.693422255085515,1.5749509146173164,0.001210873100107387,0.005928783243126915,,1809
all,all,15,0.01,rbf,3,,23739.572,"[np.float64(3.8108364716519962), np.float64(7.518516197405807), np.float64(5.006328526210674)]",7.988017280098276,1.438340060161927,0.0022984682001417124,0.0013412932520795945,,1809
all,all,15,0.01,rbf,4,,17702.213,"[np.float64(3.527460454047859), np.float64(4.914879021821359), np.float64(5.320570014576062), np.float64(6.994426971070268)]",7.652513100342095,1.3313824998212227,0.0014372697304698735,0.0014504574412257272,,1809
all,all,15,0.01,rbf,5,,13814.782,"[np.float64(6.083761747245147), np.float64(6.055635293478318), np.float64(3.268769223122384), np.float64(4.802239967770531), np.float64(5.3350330525068195)]",7.476738216439813,1.2926927717402208,0.002575678991278269,0.002112562674934653,,1809
all,all,15,0.01,rbf,6,,13350.592,"[np.float64(4.6328169142255575), np.float64(3.08298522202714), np.float64(5.363855507539527), np.float64(5.073694607921792), np.float64(7.689070480047644), np.float64(4.5147536122858325)]",7.427593428312456,1.219782053325146,0.0011201410154240328,0.0015028565022843976,,1809
all,all,15,0.01,rbf,7,,11786.887,"[np.float64(2.996114542361623), np.float64(5.215774942048677), np.float64(7.516686323064097), np.float64(4.587430452304469), np.float64(4.496831929365723), np.float64(3.748573667630735), np.float64(5.746990477107601)]",7.155066711301493,1.204886760811702,0.0012076189308635828,0.0022120751746928903,,1809
all,all,15,0.01,rbf,8,,11002.106,"[np.float64(4.18746587704934), np.float64(8.34563331367067), np.float64(4.194503795813178), np.float64(4.735601931143921), np.float64(4.406586739555843), np.float64(5.0433831058090925), np.float64(2.8188839298321122), np.float64(5.491119215523872)]",7.026076968074857,1.1675373379385567,0.0016391037453022095,0.0023646842245643334,,1809
all,all,15,0.01,rbf,9,,9875.349,"[np.float64(3.8155676843507824), np.float64(4.338990944437085), np.float64(4.983502595735824), np.float64(2.6469853386275397), np.float64(4.571030504087724), np.float64(4.1439566958024265), np.float64(4.891428712039191), np.float64(8.373774848659483), np.float64(4.783153263091143)]",7.220706771407931,1.1650953517830067,0.0008755672026715878,0.0020289149076128,,1809
all,all,15,0.01,lwf,3,,6482.134,"[np.float64(12.533461579457775), np.float64(15.147093600154427), np.float64(11.450741676889383)]",14.656829688182327,1.678420580570443,0.002120673107185048,0.0029673416111854157,,1809
all,all,15,0.01,lwf,4,,5804.206,"[np.float64(14.451504612085705), np.float64(10.63194451570934), np.float64(12.066764466625452), np.float64(13.604315783058574)]",13.61481664686625,1.5705971029404333,0.0033226207174369606,0.0021678180399328333,,1809
all,all,15,0.01,lwf,5,,4833.275,"[np.float64(13.732708562395237), np.float64(14.178192787554016), np.float64(12.631022977248707), np.float64(11.654104485309032), np.float64(10.237059491210202)]",14.314649901844287,1.5687258937589927,0.0016521784693517602,0.0027232553433233597,,1809
all,all,15,0.01,lwf,6,,4370.901,"[np.float64(9.801005446674123), np.float64(14.50698972256594), np.float64(11.66612894590457), np.float64(12.080504803151891), np.float64(12.2858851372988), np.float64(13.567277774809117)]",14.748581286292428,1.541563095337687,0.0016489226631894883,0.004941406443125935,,1809
all,all,15,0.01,lwf,7,,3897.4663,"[np.float64(9.838860783466236), np.float64(12.745724770581603), np.float64(12.111335255867372), np.float64(12.778982281210109), np.float64(11.071698373462013), np.float64(13.078105239872535), np.float64(14.947782629854464)]",15.285796953350154,1.4784037381545605,0.001842854779865476,0.003521276150225996,,1809
all,all,15,0.01,lwf,8,,3552.6165,"[np.float64(9.499683981615227), np.float64(13.658473435478948), np.float64(12.466864569181123), np.float64(14.578353304156543), np.float64(10.891581713075123), np.float64(12.43144165709163), np.float64(12.273616102089719), np.float64(11.595764626172699)]",14.257313778465942,1.47546897319931,0.0014118916156974773,0.0044216340692066385,,1809
all,all,15,0.01,lwf,9,,3169.7937,"[np.float64(12.704042270426624), np.float64(9.363345731671231), np.float64(11.796726450591423), np.float64(11.26504655711278), np.float64(11.228254200865296), np.float64(14.599642795691677), np.float64(13.414080213996506), np.float64(12.610793118675105), np.float64(12.017495732158286)]",14.869469307991059,1.4801642071359358,0.001543010978776308,0.004384779396258625,,1809
all,all,15,0.01,tyl,3,,8024.5625,"[np.float64(17.974510027795745), np.float64(21.65114546189919), np.float64(22.56327753335315)]",21.886046580481302,2.169937077365972,0.0020937613232945196,0.0030492795737346147,,1809
all,all,15,0.01,tyl,4,,5967.6904,"[np.float64(21.86327981307567), np.float64(22.806832934296306), np.float64(20.61282747184008), np.float64(16.02051497237305)]",21.95021658797824,2.075657672410035,0.0009092194194303826,0.0033220939945656676,,1809
all,all,15,0.01,tyl,5,,5136.8774,"[np.float64(20.861673487780596), np.float64(18.426135262739365), np.float64(22.197478567479326), np.float64(22.270249413415502), np.float64(16.252015519794767)]",21.181331585262143,1.9506069180477363,0.0017128989311197794,0.0050016315139751015,,1809
all,all,15,0.01,tyl,6,,4601.6167,"[np.float64(15.558780216439905), np.float64(20.17742764100934), np.float64(21.262673038810256), np.float64(19.557855223500333), np.float64(22.322043519661868), np.float64(18.96288557481996)]",21.120866673302093,1.9468509367574218,0.0006306471470574987,0.005407726462046776,,1809
all,all,15,0.01,tyl,7,,3902.755,"[np.float64(20.026403444995747), np.float64(14.958259063283393), np.float64(20.08303453417382), np.float64(23.18950654004515), np.float64(18.04304937048132), np.float64(20.96244770548939), np.float64(20.885814967469766)]",20.972042608123186,1.9000554380968533,0.001171281227142001,0.006051440949812109,,1809
all,all,15,0.01,tyl,8,,3619.5913,"[np.float64(22.404408285837313), np.float64(14.626531099926751), np.float64(21.429075963486397), np.float64(17.912558942553662), np.float64(21.792138938204424), np.float64(21.2051000839767), np.float64(18.090617152213103), np.float64(18.824822890109953)]",20.1991293522712,1.7929520736276017,0.0009609121211746628,0.004927724000228393,,1809
all,all,15,0.01,tyl,9,,3405.8428,"[np.float64(17.959905168527833), np.float64(22.33763845729274), np.float64(20.156449407079844), np.float64(20.703408772157847), np.float64(21.378653722202852), np.float64(19.715335146835603), np.float64(14.515399420579968), np.float64(17.781300497723723), np.float64(18.733087846087837)]",20.07867868889207,1.8297241181236854,0.00011833386185085591,0.006434378374722594,,1809
all,all,15,0.01,corr,3,,12576.004,"[np.float64(16.743191399894993), np.float64(16.821433839396207), np.float64(16.543118060776656)]",18.70882811707429,2.076768692570404,0.00044831039803098924,0.0015542143220221986,,1809
all,all,15,0.01,corr,4,,9470.674,"[np.float64(17.51605466597879), np.float64(14.021349593624608), np.float64(19.26453838863879), np.float64(16.397895018673882)]",18.007367183472738,1.857662133700728,0.001255189246859506,0.0036474897523500445,,1809
all,all,15,0.01,corr,5,,8902.426,"[np.float64(15.337072457236184), np.float64(15.7531427379924), np.float64(15.177362795541379), np.float64(16.763386544941447), np.float64(17.40366023562931)]",17.252388172728356,1.854089321981378,0.0005051056455381412,0.0035118551390132383,,1809
all,all,15,0.01,corr,6,,7547.8823,"[np.float64(18.017854059651967), np.float64(16.511614750334893), np.float64(16.31840200546674), np.float64(12.057846969253854), np.float64(16.22672262421027), np.float64(18.488307169130678)]",16.677455655636876,1.6545772921109125,0.0007732359505352997,0.0046150768097257995,,1809
all,all,15,0.01,corr,7,,6671.0933,"[np.float64(15.897725464542305), np.float64(12.134280786192623), np.float64(17.65030690137732), np.float64(14.711893238359714), np.float64(18.250104536744377), np.float64(15.764888701321903), np.float64(17.943109974132653)]",15.885507291744288,1.6259948761063705,0.0005988391301513009,0.004532020155631994,,1809
all,all,15,0.01,corr,8,,5898.84,"[np.float64(11.687309580923475), np.float64(14.913920405645362), np.float64(16.413102103955584), np.float64(16.743697226327654), np.float64(17.688462381753013), np.float64(18.760971086681888), np.float64(15.884402493835333), np.float64(15.495540291702367)]",15.909785141245251,1.58315602674576,0.0007527507772080409,0.004707446879198305,,1809
all,all,15,0.01,corr,9,,6059.158,"[np.float64(11.647498888527615), np.float64(19.521020546592485), np.float64(17.817069028612988), np.float64(15.32163217835626), np.float64(15.697087980100845), np.float64(14.460097800584245), np.float64(14.74801527439592), np.float64(15.075998000824645), np.float64(18.016752429491245)]",16.367186788299048,1.5642735465309971,0.000578117214091274,0.004943509333708679,,1809
all,all,15,0.1,cov,3,,9450.074,"[np.float64(10.48554888258676), np.float64(9.866733580586988), np.float64(10.583857667721748)]",11.94689630916941,1.679508001028665,0.00174596351130108,0.0015434780972719817,,1809
all,all,15,0.1,cov,4,,7620.395,"[np.float64(9.495165487102405), np.float64(9.77790990930401), np.float64(10.217897305389076), np.float64(10.817006593907392)]",11.768216313091218,1.5620710670341797,0.002528005554910174,0.0020829262609544006,,1809
all,all,15,0.1,cov,5,,6416.3755,"[np.float64(9.460272225327477), np.float64(9.382294007942432), np.float64(9.999856609287066), np.float64(10.745282280966414), np.float64(10.123401711106647)]",12.216739265537681,1.4986205822339045,0.0026190271054589366,0.0023250350782500254,,1809
all,all,15,0.1,cov,6,,6073.081,"[np.float64(9.985602593429709), np.float64(9.270739826267917), np.float64(10.116490509206832), np.float64(9.304490626301217), np.float64(10.785777080082024), np.float64(9.347731632036913)]",12.338860679733685,1.4770927343121074,0.0020557782266146987,0.002658844033209342,,1809
all,all,15,0.1,cov,7,,5409.086,"[np.float64(10.194902720902869), np.float64(9.257401547330552), np.float64(10.558074890699952), np.float64(9.934882381024496), np.float64(9.363396791733248), np.float64(9.271168690663501), np.float64(9.037702722180313)]",12.415663697394399,1.5239642881277742,0.0010730626592468176,0.0035321953900966188,,1809
all,all,15,0.1,cov,8,,4733.9556,"[np.float64(9.103095540406004), np.float64(9.353254203891222), np.float64(9.703603360233734), np.float64(10.018675775266939), np.float64(10.753595395015946), np.float64(9.307152311310322), np.float64(8.779977266786947), np.float64(9.121270451503761)]",12.553983725679679,1.4959567264920104,0.0008517348179828523,0.004024702784230014,,1809
all,all,15,0.1,cov,9,,4325.802,"[np.float64(8.971273187372134), np.float64(10.62832704568001), np.float64(9.727459104168153), np.float64(9.249398459458053), np.float64(8.91374078635609), np.float64(9.12602735382864), np.float64(9.97366896490373), np.float64(9.168545934039479), np.float64(9.633335237424307)]",12.472027280584072,1.4715791881881761,0.0011381619944862184,0.0038269171339870823,,1809
all,all,15,0.1,rbf,3,,25288.438,"[np.float64(2.468622742239157), np.float64(3.90069971045934), np.float64(3.061188712979353)]",6.51359834226333,1.62067034273397,0.00036359081328600436,0.0013896431976756858,,1809
all,all,15,0.1,rbf,4,,20011.748,"[np.float64(3.884311563018746), np.float64(2.828795437481068), np.float64(3.099245275811374), np.float64(2.394776900155215)]",5.868171693271601,1.4793402101934567,0.000407515142951939,0.0014530981602032807,,1809
all,all,15,0.1,rbf,5,,15693.823,"[np.float64(2.996464303431125), np.float64(3.8035862905723423), np.float64(2.9397258355112785), np.float64(2.88513951918856), np.float64(2.2800780305551616)]",5.709922647082509,1.4208306032018285,0.0010335759499020436,0.0017806658951955595,,1809
all,all,15,0.1,rbf,6,,15050.181,"[np.float64(2.880331123164472), np.float64(2.176038290880347), np.float64(3.05859831057969), np.float64(2.7332220677595735), np.float64(2.609007775263189), np.float64(4.041611679384156)]",6.002426972159349,1.3821313839110982,0.0010950379256526664,0.0014059856572870648,,1809
all,all,15,0.1,rbf,7,,13492.658,"[np.float64(3.1414094496076426), np.float64(2.66313794561249), np.float64(2.85281563998945), np.float64(2.8591414838604727), np.float64(2.631860526973043), np.float64(2.07517235245076), np.float64(4.070673356505145)]",5.631475755468905,1.3245479254763797,0.002178212557294026,0.0016990315976405318,,1809
all,all,15,0.1,rbf,8,,11762.148,"[np.float64(2.598627443525392), np.float64(2.6433704505148645), np.float64(2.7496754413033107), np.float64(3.954296647577419), np.float64(2.8237239152010787), np.float64(3.377300337562034), np.float64(1.9697686508439802), np.float64(2.5473688706993087)]",5.4610513287096945,1.2878780628068272,0.0006310365477686175,0.002372362909572691,,1809
all,all,15,0.1,rbf,9,,11129.899,"[np.float64(2.704744778938243), np.float64(2.8877505470973714), np.float64(2.7449930455052005), np.float64(2.819566455273796), np.float64(2.72133680000738), np.float64(2.4582777950714454), np.float64(2.9614072134127083), np.float64(4.1020380666767995), np.float64(1.9079672638771479)]",5.707283278940626,1.2829068863681203,0.0011293636503807841,0.00210312415677252,,1809
all,all,15,0.1,lwf,3,,9280.615,"[np.float64(7.935477130403167), np.float64(9.282577424855745), np.float64(8.226867943815215)]",10.861830862119518,1.4923838614668203,0.0020700430355291267,0.0019640629155305432,,1809
all,all,15,0.1,lwf,4,,7956.3154,"[np.float64(8.9354462271795), np.float64(7.8494287949481105), np.float64(7.7777793063768295), np.float64(8.427397589573912)]",10.120943397172201,1.4091029596937819,0.002873073080404322,0.0019759597028302725,,1809
all,all,15,0.1,lwf,5,,6878.482,"[np.float64(7.527272492101382), np.float64(8.794466668607178), np.float64(8.17170244204259), np.float64(7.615605928886205), np.float64(8.239563527847327)]",10.50400441916712,1.4422701719099944,0.001749633905166126,0.002393063174987942,,1809
all,all,15,0.1,lwf,6,,5999.414,"[np.float64(7.375659192014039), np.float64(7.873731528971421), np.float64(9.178063662041312), np.float64(8.122443169737975), np.float64(7.532446043026598), np.float64(8.087639265075246)]",11.488302589490237,1.3684382261512609,0.001366269644463603,0.00261760999381789,,1809
all,all,15,0.1,lwf,7,,5481.8267,"[np.float64(7.693392684728124), np.float64(8.447734916815767), np.float64(7.238899383689323), np.float64(7.288039553115051), np.float64(8.730031231955248), np.float64(7.7451889579875495), np.float64(8.073230024701854)]",11.147322426878345,1.3684988057694525,0.001562209114224185,0.0026708471861410813,,1809
all,all,15,0.1,lwf,8,,4858.223,"[np.float64(7.929404592626321), np.float64(7.963262401954888), np.float64(7.747810010164811), np.float64(8.919102088536812), np.float64(7.368777718343893), np.float64(7.241027394369217), np.float64(8.11163986203812), np.float64(7.31179284545961)]",11.022136852265145,1.4007536517267725,0.0009777454196956117,0.0029914086636383145,,1809
all,all,15,0.1,lwf,9,,4405.0723,"[np.float64(7.1036852516602345), np.float64(7.727808237290599), np.float64(7.22065618425348), np.float64(8.062193394705032), np.float64(8.699522203763726), np.float64(8.416029022066176), np.float64(7.584171026501258), np.float64(7.685617130814049), np.float64(7.592219338885574)]",11.49903405740088,1.37928905436451,0.0010410498104804632,0.0033035063097428216,,1809
all,all,15,0.1,tyl,3,,10784.722,"[np.float64(9.967257952489218), np.float64(10.02723446318612), np.float64(10.523542137902439)]",15.159901690749843,2.2123578009244467,0.0013510651874346952,0.0025857070219383787,,1809
all,all,15,0.1,tyl,4,,8920.552,"[np.float64(10.464112390258038), np.float64(9.8696107737148), np.float64(9.58252537338013), np.float64(10.049243016836002)]",15.171794864705275,2.141565495626425,0.0007989204370380224,0.003142794777584416,,1809
all,all,15,0.1,tyl,5,,7542.1274,"[np.float64(10.044768326420606), np.float64(9.55617299860209), np.float64(10.538325716366822), np.float64(9.307317634204756), np.float64(9.844267479967128)]",14.740464259481808,2.0243809721051074,0.0009608312263418063,0.004053220689110539,,1809
all,all,15,0.1,tyl,6,,6676.366,"[np.float64(10.341608793620756), np.float64(9.680662981323087), np.float64(9.778418145879296), np.float64(9.581025987754593), np.float64(9.49292787119572), np.float64(9.703926561440253)]",14.550985397199355,1.9841931612895274,0.0003828450556722508,0.0033567407617542963,,1809
all,all,15,0.1,tyl,7,,5931.424,"[np.float64(8.56464257262661), np.float64(9.713478988491964), np.float64(10.4011494528476), np.float64(10.051863774188185), np.float64(9.617682224466673), np.float64(9.604781245959877), np.float64(9.69091687202819)]",14.781649362858909,1.8982271891011206,0.0005219955000897824,0.0066527256776270464,,1809
all,all,15,0.1,tyl,8,,6298.481,"[np.float64(8.959768817466369), np.float64(9.658506432222461), np.float64(9.864554529902485), np.float64(9.171436713717341), np.float64(9.42745772641895), np.float64(9.529092863080612), np.float64(10.348231598113914), np.float64(9.557434799996427)]",14.241731648274882,1.9142819787771055,0.00023980920997194742,0.005895736139140511,,1809
all,all,15,0.1,tyl,9,,5771.2915,"[np.float64(9.643516519323672), np.float64(9.86627209251033), np.float64(9.267240387710562), np.float64(9.881080777996742), np.float64(8.618594531361198), np.float64(9.34698888926626), np.float64(9.275512601774079), np.float64(10.1559357754478), np.float64(9.635513373369998)]",14.11783963928269,1.8425960258160459,0.00022070277432255185,0.006687888663646449,,1809
all,all,15,0.1,corr,3,,15000.923,"[np.float64(8.962821963306636), np.float64(8.290406783784498), np.float64(8.528233691741887)]",11.750790260901667,1.9159064439087186,0.0012590323590753946,0.002276100662524277,,1809
all,all,15,0.1,corr,4,,12660.948,"[np.float64(8.104149494510205), np.float64(8.94285632115148), np.float64(8.40007828502643), np.float64(8.079303859505075)]",12.789692500421804,1.8624488738135287,0.0013558860162010953,0.003149343835821685,,1809
all,all,15,0.1,corr,5,,10661.668,"[np.float64(7.9292941962945145), np.float64(8.022977823261943), np.float64(8.656373649302195), np.float64(7.978647149852114), np.float64(8.709060589804889)]",12.173445384581537,1.80032763291484,0.0006162386707020004,0.0036486541165669673,,1809
all,all,15,0.1,corr,6,,10609.321,"[np.float64(8.191361126753085), np.float64(8.692352080767975), np.float64(8.49193245839368), np.float64(7.731531808998913), np.float64(7.8214426313321725), np.float64(7.990528331447653)]",11.646095345807112,1.6709549923376956,0.0005384581690221814,0.005590973790442309,,1809
all,all,15,0.1,corr,7,,10265.771,"[np.float64(7.787487046030631), np.float64(8.556661586114078), np.float64(7.912012928092781), np.float64(7.550758309000079), np.float64(8.627787422973388), np.float64(7.752005715142991), np.float64(7.885974287641756)]",11.563423690803576,1.6933618762151765,0.00024700098907754663,0.006110740413829861,,1809
all,all,15,0.1,corr,8,,8863.8955,"[np.float64(8.317110539554536), np.float64(7.681886317372093), np.float64(7.9798410916401705), np.float64(8.554704495128282), np.float64(7.774374596383448), np.float64(7.646370559485313), np.float64(7.791074055317121), np.float64(7.673859102582931)]",11.062933670947487,1.6451533168602042,0.0003749036810848403,0.0061511335241393955,,1809
all,all,15,0.1,corr,9,,9339.093,"[np.float64(7.732190044862834), np.float64(8.330186350015031), np.float64(7.518122237875533), np.float64(7.4017102940197335), np.float64(7.972178240443669), np.float64(7.61712854435523), np.float64(8.266013476913624), np.float64(7.788233178222592), np.float64(8.338778063713214)]",11.181664420763571,1.5678954545605353,0.000370435434827885,0.005436760860555325,,1809
